email,otp_token
elena.matei01@stud.ase.ro,sWoXm2Twuyo9iCcyewiHTcAvOYmioBVS
florin.stefan02@stud.ase.ro,buIWa4dz7QpDAOnPiujIFNJiyJKIzCq6
mihai.matei03@stud.ase.ro,4wUBQaEY1ErzkNJ8nq6m5EwXpHJvKRdX
razvan.enache04@stud.ase.ro,hOvJGpSK6Xx4ATLEgJkBjbiHkW5aGHH7
alex.popescu05@stud.ase.ro,2vRK2M8jox3xjSOb9zTCMClOr17nT6ZD
cosmin.enache06@stud.ase.ro,fazmaN7ieQAYMNddsWw2o24ozFuEqVVD
alina.serban07@stud.ase.ro,VO5K33SIiX22apetlfxEjMttIWHCqn6P
teodor.ionescu08@stud.ase.ro,8cWMOTfNFlSXUJxSdJJD5lXaBIqoSL0m
david.radu09@stud.ase.ro,52pNTCmffBCqZjJ0gJQHncJPBFJjE8XR
irina.petrescu10@stud.ase.ro,NXE6cdJvsvtDSauoG2m4DCbIjHn2Diig
alina.ilie11@stud.ase.ro,bacO4w2XKA5Slj4vXX5oGZWlQYVC6zgf
cosmin.ilie12@stud.ase.ro,2YIfzYb6TrmGoeUpswHbD570kbxQ02j6
vlad.tudor13@stud.ase.ro,rLoAlUEw90vXd4WZhGXR5jXvWF9JDuCu
florin.tudor14@stud.ase.ro,ow6tUs02XlKbUbN7Xn9jg6aaHA5hjjwN
florin.radu15@stud.ase.ro,uJw3tjkhrhT6RfaBTJk4dqgCnf4uNYa9
alina.tudor16@stud.ase.ro,SnrGdLqAMwEQWiuXHISE6CftuFjTC16e
cristina.stefan17@stud.ase.ro,34jGPMaGV6UWQzAKAmNiGgQXhTZGTR2p
roxana.ionescu18@stud.ase.ro,59Bb3pExmPkIHaMH219RGw0Y7sLL9gZZ
david.petrescu19@stud.ase.ro,7xvlBbba3SgVnohmMA7iMRcdzbo4OuiL
david.matei20@stud.ase.ro,lxNm7cjRebj7TRUirrNIbmJf5bmoyJNE
razvan.popescu21@stud.ase.ro,8Dfcmzf2oO6bw2aeNRAHLkjc8ZMhX2uh
oana.matei22@stud.ase.ro,A0KYkRByrJGzH2mjvZljHsHdmoSdOK2o
andrei.georgescu23@stud.ase.ro,WxPSK3MEAgc3hlDNdUeXrbNVFPigyTly
vlad.ilie24@stud.ase.ro,w4orw61pIp1koIdlYhCtV1xgSydsLRxZ
george.dragomir25@stud.ase.ro,h3pbFktaAL3qnOvJWT33GI7VxpHwJ83Z
irina.ghita26@stud.ase.ro,if72JeA0AHmHCixhwXTPnKKKhPnhqr0v
bianca.georgescu27@stud.ase.ro,1s4NMtC5rhkRO6UUiyqZiK6EjOyBSzcz
cosmin.radu28@stud.ase.ro,uipGpmRlMA95rNaZd2mdQiLVEyrmUF5L
laura.ghita29@stud.ase.ro,5banzkS8hbjSpByclsLoBgP58WkarBmn
mihai.stan30@stud.ase.ro,9U9nx2QaplNLSSEOleIuF1U45pjd9PYj
david.stan31@stud.ase.ro,tdANM5ZfejVcmtv3zO6lGcuEsDE47sB0
laura.marin32@stud.ase.ro,kgq0Qm5k0gnGxsWsr4Yfnb42VR6yZv09
cosmin.ghita33@stud.ase.ro,CExrWXj0bz4ODkshLcOSrelgXKAvTNYL
alina.ionescu34@stud.ase.ro,la6W4YUngGCAO2rAwbOqqUR83JNvWdXe
cristina.voicu35@stud.ase.ro,ZDVE9qBR9JRFwyBMRO2nF4mauYm5FcY3
david.neagu36@stud.ase.ro,FATuFD0z3kMNHJefQTpou0pjYd3AadQR
alex.tudor37@stud.ase.ro,q51fdEKQCy6Ci46Tp1qrCvqNglIrIxnP
roxana.serban38@stud.ase.ro,yAmONCpdOQqnAxdQgdr8CvV5IdY6kln0
laura.matei39@stud.ase.ro,R5fv7c7sPw35uik8aoRID33hIy8dPEg7
mihai.neagu40@stud.ase.ro,mfXOZIMtPDqHYrWZz8hFcu15sztW5AWp
